final_rank,content_id,client_id,final_refresh_score,best_model_name,best_model_probability,baseline_refresh_score,confidence,suggested_action,final_reason_codes,is_declining_label,impressions_90d,clicks_90d,sessions_90d,avg_position,ctr,content_age_days,days_since_last_update,word_count,trend_direction,competition_level,content_type,main_intent,age_tier,freshness_tier,word_count_tier,impression_tier,position_tier
1,content_1f080331fa2b,client_3fdba35f04,81.63669708126251,random_forest,0.7820785264761718,0.844481250521542,high,refresh_and_review_ctr,declining_with_demand|low_ctr_visible_page|low_engagement_visible_page|model_decline_risk|visible_model_opportunity|ctr_review_candidate|engagement_review_candidate,1,12834,6,66,6.8,0.05,165,104,1404.0,down,MEDIUM,keyword article,informational,91-180,91-180,1000-2000,good,page_1
2,content_6aa43079fb0c,client_3fdba35f04,81.4476562486564,random_forest,0.7881052836270515,0.825477128595238,high,refresh_and_review_ctr,declining_with_demand|low_ctr_visible_page|model_decline_risk|visible_model_opportunity|ctr_review_candidate,1,8064,6,23,3.8,0.07,139,104,1457.0,down,LOW,keyword article,informational,91-180,91-180,1000-2000,good,page_1
3,content_d6570c51c9bd,client_3fdba35f04,81.43034585094424,random_forest,0.8473716132212432,0.6958839136904761,medium,refresh_and_review_ctr,declining_with_demand|low_ctr_visible_page|model_decline_risk|visible_model_opportunity|ctr_review_candidate,1,2498,0,9,10.1,0.0,165,104,1362.0,down,MEDIUM,keyword article,informational,91-180,91-180,1000-2000,moderate,striking
4,content_72e800a9c214,client_3fdba35f04,81.03495994045609,random_forest,0.7743713656571191,0.8425452355657596,high,refresh_and_review_ctr,declining_with_demand|low_ctr_visible_page|model_decline_risk|visible_model_opportunity|ctr_review_candidate,1,13790,16,27,8.2,0.12,139,104,1371.0,down,MEDIUM,keyword article,commercial,91-180,91-180,1000-2000,good,page_1
5,content_e04eb9549989,client_3fdba35f04,80.8731883389024,random_forest,0.8148048069849403,0.7494675090918368,medium,refresh_and_review_ctr,declining_with_demand|low_ctr_visible_page|model_decline_risk|visible_model_opportunity|ctr_review_candidate,1,3393,3,5,3.6,0.09,131,104,1408.0,down,LOW,keyword article,informational,91-180,91-180,1000-2000,good,page_1
6,content_b69288c5e701,client_3fdba35f04,80.75476968012651,random_forest,0.7957127277855011,0.787357519399093,high,refresh_and_review_ctr,declining_with_demand|low_ctr_visible_page|model_decline_risk|visible_model_opportunity|ctr_review_candidate,1,5811,4,14,6.4,0.07,144,104,1370.0,down,LOW,keyword article,informational,91-180,91-180,1000-2000,good,page_1
7,content_9b6df29f7889,client_3fdba35f04,80.63292327424043,random_forest,0.8462453203658947,0.67353048075,high,refresh_and_review_ctr,declining_with_demand|low_ctr_visible_page|model_decline_risk|visible_model_opportunity|ctr_review_candidate,1,1622,2,20,3.1,0.12,139,104,1415.0,down,MEDIUM,keyword article,commercial,91-180,91-180,1000-2000,moderate,page_1
8,content_bb6ebb5ec8c8,client_3fdba35f04,80.37123607538848,random_forest,0.8346383672715132,0.6906645848151928,high,refresh_and_review_ctr,declining_with_demand|low_ctr_visible_page|model_decline_risk|visible_model_opportunity|ctr_review_candidate,1,2621,0,10,12.8,0.0,144,104,1381.0,down,LOW,keyword article,informational,91-180,91-180,1000-2000,moderate,striking
9,content_4d76cdb3387b,client_3fdba35f04,80.36274771691248,random_forest,0.8430918690610489,0.6719927039540815,medium,refresh_and_review_ctr,declining_with_demand|low_ctr_visible_page|model_decline_risk|visible_model_opportunity|ctr_review_candidate,1,1597,2,5,2.7,0.13,131,104,1554.0,down,HIGH,keyword article,commercial,91-180,91-180,1000-2000,moderate,top_3
10,content_b4f35d640b1c,client_3fdba35f04,80.32175712439779,random_forest,0.8438034050728425,0.6691681838287983,medium,refresh,declining_with_demand|model_decline_risk|visible_model_opportunity,1,3867,2,5,27.5,0.05,131,104,1389.0,down,HIGH,keyword article,commercial,91-180,91-180,1000-2000,good,page_3_5
11,content_ba6f9dfcbca1,client_3fdba35f04,80.282275423599,random_forest,0.8253475241876367,0.7081283945719954,medium,refresh,declining_with_demand|model_decline_risk|visible_model_opportunity,1,4366,4,8,20.1,0.09,124,104,1362.0,down,HIGH,keyword article,transactional,91-180,91-180,1000-2000,good,page_3_5
12,content_1b51115391a3,client_3fdba35f04,80.1341452533438,random_forest,0.8174698452110679,0.7206743573429705,high,refresh_and_review_ctr,declining_with_demand|low_ctr_visible_page|model_decline_risk|visible_model_opportunity|ctr_review_candidate,1,3221,0,25,9.5,0.0,155,104,1587.0,down,LOW,keyword article,informational,91-180,91-180,1000-2000,good,page_1
13,content_e76ac7fed711,client_3fdba35f04,80.06275486195891,random_forest,0.8348412522473962,0.6806266550510204,medium,refresh_and_review_ctr,declining_with_demand|low_ctr_visible_page|model_decline_risk|visible_model_opportunity|ctr_review_candidate,1,1877,1,3,5.8,0.05,139,104,1420.0,down,MEDIUM,keyword article,commercial,91-180,91-180,1000-2000,moderate,page_1
14,content_b1d593faf9c6,client_3fdba35f04,79.9577429816588,random_forest,0.8204708799688305,0.7086520196394558,high,refresh_and_review_ctr,declining_with_demand|low_ctr_visible_page|low_engagement_visible_page|model_decline_risk|visible_model_opportunity|ctr_review_candidate|engagement_review_candidate,1,2655,0,92,8.3,0.0,148,104,1333.0,down,LOW,keyword article,informational,91-180,91-180,1000-2000,moderate,page_1
15,content_20ddbdfbbd90,client_3fdba35f04,79.8782000750424,random_forest,0.7938392940976255,0.7641689328472222,high,refresh_and_review_ctr,declining_with_demand|low_ctr_visible_page|low_engagement_visible_page|model_decline_risk|visible_model_opportunity|ctr_review_candidate|engagement_review_candidate,1,5541,8,54,11.2,0.14,148,104,1365.0,down,LOW,keyword article,informational,91-180,91-180,1000-2000,good,striking
16,content_73b70737ee63,client_3fdba35f04,79.87524225779096,random_forest,0.823060134301901,0.7004474105827664,medium,refresh_and_review_ctr,declining_with_demand|low_ctr_visible_page|model_decline_risk|visible_model_opportunity|ctr_review_candidate,1,2060,4,8,2.8,0.19,139,104,1410.0,down,MEDIUM,keyword article,transactional,91-180,91-180,1000-2000,moderate,top_3
17,content_81e59177b59a,client_19581e27de,79.60127672625856,random_forest,0.7710066153534725,0.80527352780839,high,refresh_and_review_ctr,declining_with_demand|low_ctr_visible_page|model_decline_risk|visible_model_opportunity|ctr_review_candidate,1,9239,3,20,5.6,0.03,139,104,4001.0,down,LOW,keyword article,informational,91-180,91-180,3500+,good,page_1
18,content_91fefd1726b3,client_3fdba35f04,79.56238362648689,random_forest,0.8313418817644037,0.6726812734421769,high,refresh_and_review_ctr,declining_with_demand|low_ctr_visible_page|model_decline_risk|visible_model_opportunity|ctr_review_candidate,1,2748,2,22,18.7,0.07,148,104,1516.0,down,LOW,keyword article,informational,91-180,91-180,1000-2000,moderate,striking
19,content_aa76dcfed6e7,client_3fdba35f04,79.5570898961765,random_forest,0.8342745776059671,0.666130538897959,high,refresh_and_review_engagement,declining_with_demand|low_engagement_visible_page|model_decline_risk|visible_model_opportunity|engagement_review_candidate,1,2765,1,51,21.1,0.04,165,104,1341.0,down,LOW,keyword article,transactional,91-180,91-180,1000-2000,moderate,page_3_5
20,content_03475a5923fe,client_3fdba35f04,79.53903738292274,random_forest,0.815442960422122,0.7065755426411563,high,refresh_and_review_ctr,declining_with_demand|low_ctr_visible_page|model_decline_risk|visible_model_opportunity|ctr_review_candidate,1,2419,3,27,6.2,0.12,139,104,1205.0,down,MEDIUM,keyword article,commercial,91-180,91-180,1000-2000,moderate,page_1
21,content_972b37f0c86d,client_19581e27de,79.5320990209631,random_forest,0.7482442884319525,0.8526874173151927,high,refresh_and_review_ctr,declining_with_demand|low_ctr_visible_page|low_engagement_visible_page|model_decline_risk|visible_model_opportunity|ctr_review_candidate|engagement_review_candidate,1,27437,19,33,7.2,0.07,139,104,4074.0,down,LOW,keyword article,commercial,91-180,91-180,3500+,good,page_1
22,content_d9eb4a8986e7,client_3fdba35f04,79.41261922237409,random_forest,0.8301590974558185,0.6705980065034014,high,refresh,declining_with_demand|model_decline_risk|visible_model_opportunity,1,3382,4,30,24.5,0.12,165,104,1367.0,down,LOW,keyword article,informational,91-180,91-180,1000-2000,good,page_3_5
23,content_6e098546a7a2,client_19581e27de,79.36526118765559,random_forest,0.7510225428797911,0.8414477200090703,high,refresh_and_review_ctr,declining_with_demand|low_ctr_visible_page|model_decline_risk|visible_model_opportunity|ctr_review_candidate,1,10575,14,12,1.9,0.13,124,104,2864.0,down,MEDIUM,keyword article,informational,91-180,91-180,2000-3500,good,top_3
24,content_3e5ea1d9ee75,client_3fdba35f04,79.17621728667963,random_forest,0.8299493116307879,0.6637009036666666,high,refresh_and_review_engagement,declining_with_demand|low_engagement_visible_page|model_decline_risk|visible_model_opportunity|engagement_review_candidate,1,2870,0,34,22.1,0.0,124,104,1544.0,down,LOW,keyword article,informational,91-180,91-180,1000-2000,moderate,page_3_5
25,content_e9b83bea7976,client_3fdba35f04,79.17059809424624,random_forest,0.745648463807255,0.8470944649778911,high,refresh_and_review_ctr,low_ctr_visible_page|low_engagement_visible_page|model_decline_risk|visible_model_opportunity|ctr_review_candidate|engagement_review_candidate,0,15616,9,93,8.8,0.06,165,104,1316.0,stable,LOW,keyword article,informational,91-180,91-180,1000-2000,good,page_1
26,content_d086e01b904b,client_3fdba35f04,79.16599600275663,random_forest,0.7930927206046222,0.74363959763322,high,refresh_and_review_ctr,declining_with_demand|low_ctr_visible_page|model_decline_risk|visible_model_opportunity|ctr_review_candidate,1,3385,6,11,5.1,0.18,139,104,1399.0,down,MEDIUM,keyword article,commercial,91-180,91-180,1000-2000,good,page_1
27,content_04f9c8cfb061,client_3fdba35f04,79.12481778927096,random_forest,0.8175013787747458,0.6892078396683673,medium,refresh_and_review_ctr,declining_with_demand|low_ctr_visible_page|model_decline_risk|visible_model_opportunity|ctr_review_candidate,1,1914,2,2,3.5,0.1,131,104,1531.0,down,MEDIUM,keyword article,commercial,91-180,91-180,1000-2000,moderate,page_1
28,content_a451a30f3920,client_19581e27de,79.11525039619262,random_forest,0.7538611399154044,0.8274893052664398,high,refresh_and_review_ctr,declining_with_demand|low_ctr_visible_page|model_decline_risk|visible_model_opportunity|ctr_review_candidate,1,11926,5,13,4.4,0.04,139,104,4028.0,down,LOW,keyword article,informational,91-180,91-180,3500+,good,page_1
29,content_fb372b1383b1,client_3fdba35f04,79.07661876814838,random_forest,0.7988469494525242,0.7283292215714284,high,refresh_and_review_ctr,declining_with_demand|low_ctr_visible_page|low_engagement_visible_page|model_decline_risk|visible_model_opportunity|ctr_review_candidate|engagement_review_candidate,1,3600,5,40,10.1,0.14,124,104,1580.0,down,LOW,keyword article,commercial,91-180,91-180,1000-2000,good,striking
30,content_e23e08154491,client_3fdba35f04,79.026088382673,random_forest,0.7990066688966931,0.726409542414966,high,refresh_and_review_ctr,declining_with_demand|low_ctr_visible_page|low_engagement_visible_page|model_decline_risk|visible_model_opportunity|ctr_review_candidate|engagement_review_candidate,1,3029,8,30,6.5,0.26,139,104,1558.0,down,MEDIUM,keyword article,commercial,91-180,91-180,1000-2000,good,page_1
31,content_184165640010,client_3fdba35f04,79.01553688472866,random_forest,0.8293200234640694,0.6600728058954082,high,refresh,declining_with_demand|model_decline_risk|visible_model_opportunity,1,3967,3,24,29.9,0.08,165,104,1551.0,down,HIGH,keyword article,informational,91-180,91-180,1000-2000,good,page_3_5
32,content_964dd0100c99,client_7f2253d7e2,78.94509191784887,random_forest,0.8392270152160765,0.636308566989796,high,refresh_and_review_engagement,declining_with_demand|low_engagement_visible_page|model_decline_risk|visible_model_opportunity|engagement_review_candidate,1,41078,38,45,22.2,0.09,141,20,4320.0,down,LOW,keyword article,informational,91-180,0-30,3500+,excellent,page_3_5
33,content_b74291f8efd2,client_3fdba35f04,78.94273416740869,random_forest,0.8111294413491211,0.6974187782312924,medium,refresh_and_review_ctr,declining_with_demand|low_ctr_visible_page|model_decline_risk|visible_model_opportunity|ctr_review_candidate,1,3194,2,4,15.9,0.06,124,104,1448.0,down,LOW,keyword article,informational,91-180,91-180,1000-2000,good,striking
34,content_5195668f06db,client_19581e27de,78.91181704521613,random_forest,0.7575989423630236,0.8130217527777778,high,refresh_and_review_ctr,declining_with_demand|low_ctr_visible_page|model_decline_risk|visible_model_opportunity|ctr_review_candidate,1,6635,0,10,5.2,0.0,144,104,0.0,down,LOW,keyword article,informational,91-180,91-180,unknown,good,page_1
35,content_383737c5080d,client_7f2253d7e2,78.9046284434165,random_forest,0.8459486804974304,0.6204131550130385,high,refresh_and_review_engagement,declining_with_demand|low_engagement_visible_page|model_decline_risk|visible_model_opportunity|engagement_review_candidate,1,24252,70,89,23.0,0.29,132,20,3923.0,down,LOW,keyword article,informational,91-180,0-30,3500+,good,page_3_5
36,content_e4c789b3ac31,client_3fdba35f04,78.8828806581655,random_forest,0.777574485550081,0.7686240894183674,high,refresh_and_review_engagement,declining_with_demand|low_engagement_visible_page|model_decline_risk|visible_model_opportunity|engagement_review_candidate,1,4066,21,30,2.8,0.52,131,104,1497.0,down,MEDIUM,keyword article,informational,91-180,91-180,1000-2000,good,top_3
37,content_5c44b0fda035,client_7f2253d7e2,78.77948915979911,random_forest,0.8483074877577083,0.6113839660204081,high,refresh_and_review_engagement,declining_with_demand|low_engagement_visible_page|model_decline_risk|visible_model_opportunity|engagement_review_candidate,1,21928,37,39,24.4,0.17,141,20,3740.0,down,LOW,keyword article,informational,91-180,0-30,3500+,good,page_3_5
38,content_6eeb07cca243,client_7f2253d7e2,78.77584263547156,random_forest,0.8530601347025801,0.6009214582380953,high,refresh_and_review_engagement,declining_with_demand|low_engagement_visible_page|model_decline_risk|visible_model_opportunity|engagement_review_candidate,1,24516,22,36,26.9,0.09,147,20,4107.0,down,LOW,keyword article,informational,91-180,0-30,3500+,good,page_3_5
39,content_bd6fe8d9dc9f,client_3fdba35f04,78.70607044479623,random_forest,0.7904449403811091,0.7350980170975057,high,refresh_and_review_ctr,declining_with_demand|low_ctr_visible_page|model_decline_risk|visible_model_opportunity|ctr_review_candidate,1,3263,8,26,6.4,0.25,139,104,1421.0,down,MEDIUM,keyword article,transactional,91-180,91-180,1000-2000,good,page_1
40,content_252c884e4400,client_7f2253d7e2,78.6973296099776,random_forest,0.8285197196230847,0.651916803276644,high,refresh_and_review_ctr,declining_with_demand|low_ctr_visible_page|low_engagement_visible_page|model_decline_risk|visible_model_opportunity|ctr_review_candidate|engagement_review_candidate,1,22537,82,88,15.9,0.36,147,20,4096.0,down,LOW,keyword article,informational,91-180,0-30,3500+,good,striking
41,content_e88c269d36d5,client_3fdba35f04,78.69139398394923,random_forest,0.8206483611684573,0.6688723475493197,high,refresh_and_review_ctr,declining_with_demand|low_ctr_visible_page|low_engagement_visible_page|model_decline_risk|visible_model_opportunity|ctr_review_candidate|engagement_review_candidate,1,2099,1,120,12.4,0.05,144,104,1486.0,down,LOW,keyword article,informational,91-180,91-180,1000-2000,moderate,striking
42,content_021bc08109a8,client_3fdba35f04,78.66479714817703,random_forest,0.8185142098372472,0.6726921784501134,high,refresh_and_review_ctr,declining_with_demand|page_one_decay_risk|low_ctr_visible_page|model_decline_risk|visible_model_opportunity|ctr_review_candidate,1,1818,2,22,7.1,0.11,310,104,1474.0,down,MEDIUM,keyword article,transactional,181-365,91-180,1000-2000,moderate,page_1
43,content_8db4c406edc0,client_3fdba35f04,78.6548243243237,random_forest,0.7853612025996675,0.7445739042828797,high,refresh_and_review_ctr,declining_with_demand|low_ctr_visible_page|low_engagement_visible_page|model_decline_risk|visible_model_opportunity|ctr_review_candidate|engagement_review_candidate,1,3424,9,57,5.3,0.26,131,104,1370.0,down,HIGH,keyword article,commercial,91-180,91-180,1000-2000,good,page_1
44,content_e4a481bafa74,client_19581e27de,78.63327874479599,random_forest,0.8158132626811269,0.6775931305839002,medium,refresh_and_review_ctr,declining_with_demand|low_ctr_visible_page|model_decline_risk|visible_model_opportunity|ctr_review_candidate,1,1547,0,4,2.2,0.0,144,104,0.0,down,LOW,keyword article,informational,91-180,91-180,unknown,moderate,top_3
45,content_750142aace28,client_3fdba35f04,78.58385041238024,random_forest,0.8213709556031198,0.6639534374263037,medium,refresh,declining_with_demand|model_decline_risk|visible_model_opportunity,1,3031,2,5,23.6,0.07,174,104,1480.0,down,LOW,keyword article,informational,91-180,91-180,1000-2000,good,page_3_5
46,content_8021933ea0f8,client_3fdba35f04,78.55172346167491,random_forest,0.8042242328340146,0.700291694994331,high,refresh_and_review_ctr,declining_with_demand|low_ctr_visible_page|model_decline_risk|visible_model_opportunity|ctr_review_candidate,1,3340,3,21,15.8,0.09,124,104,1605.0,down,HIGH,keyword article,transactional,91-180,91-180,1000-2000,good,striking
47,content_73f3a3c5e203,client_3fdba35f04,78.54650132576089,random_forest,0.8329139499538785,0.6376562760816327,high,refresh_and_review_engagement,declining_with_demand|low_engagement_visible_page|model_decline_risk|visible_model_opportunity|engagement_review_candidate,1,2104,3,50,21.8,0.14,174,104,1434.0,down,LOW,keyword article,informational,91-180,91-180,1000-2000,moderate,page_3_5
48,content_164dff885baf,client_7f2253d7e2,78.52620600991445,random_forest,0.8439572805090498,0.6129776555260771,high,refresh,declining_with_demand|model_decline_risk|visible_model_opportunity,1,22949,19,27,23.6,0.08,132,20,4968.0,down,LOW,keyword article,informational,91-180,0-30,3500+,good,page_3_5
49,content_e0632fafadc8,client_7f2253d7e2,78.47893492657316,random_forest,0.84746661331792,0.6038654529047619,high,refresh,declining_with_demand|model_decline_risk|visible_model_opportunity,1,17565,20,23,24.0,0.11,141,20,3870.0,down,LOW,keyword article,informational,91-180,0-30,3500+,good,page_3_5
50,content_c65ee459f729,client_f369cb89fc,78.46899366829349,random_forest,0.765084737024238,0.7829459298690477,high,refresh_and_review_ctr,declining_with_demand|low_ctr_visible_page|model_decline_risk|visible_model_opportunity|ctr_review_candidate,1,6526,0,16,17.4,0.0,106,106,2898.0,down,LOW,keyword article,informational,91-180,91-180,2000-3500,good,striking
51,content_2d6bc8e57b4c,client_3fdba35f04,78.45925189220434,random_forest,0.8052051054915249,0.6952792292993196,high,refresh_and_review_ctr,declining_with_demand|low_ctr_visible_page|model_decline_risk|visible_model_opportunity|ctr_review_candidate,1,3016,4,23,15.4,0.13,155,104,1349.0,down,LOW,keyword article,informational,91-180,91-180,1000-2000,good,striking
52,content_65a668d53c13,client_7f2253d7e2,78.45785101873129,random_forest,0.8222847230825853,0.6580441224869615,medium,refresh_and_review_ctr,declining_with_demand|low_ctr_visible_page|model_decline_risk|visible_model_opportunity|ctr_review_candidate,1,8305,5,8,2.9,0.06,147,20,3990.0,down,LOW,keyword article,informational,91-180,0-30,3500+,good,top_3
53,content_7d6b854fc594,client_3fdba35f04,78.41059252315381,random_forest,0.8218689611326536,0.6574793573137754,medium,refresh,declining_with_demand|model_decline_risk|visible_model_opportunity,1,2683,0,5,22.9,0.0,148,104,1284.0,down,LOW,keyword article,informational,91-180,91-180,1000-2000,moderate,page_3_5
54,content_69cfaabeda16,client_7f2253d7e2,78.35082703810929,random_forest,0.8356147886334087,0.6256881189484127,high,refresh_and_review_ctr,declining_with_demand|low_ctr_visible_page|low_engagement_visible_page|model_decline_risk|visible_model_opportunity|ctr_review_candidate|engagement_review_candidate,1,17695,64,103,19.2,0.36,225,20,4175.0,down,LOW,keyword article,informational,181-365,0-30,3500+,good,striking
55,content_b08562686d22,client_f369cb89fc,78.3349377380386,random_forest,0.7684448375634031,0.7714590096428571,medium,refresh_and_review_ctr,declining_with_demand|low_ctr_visible_page|model_decline_risk|visible_model_opportunity|ctr_review_candidate,1,2846,4,5,2.0,0.14,106,106,2900.0,down,LOW,keyword article,informational,91-180,91-180,2000-3500,moderate,top_3
56,content_46c1b521c941,client_3fdba35f04,78.2873636039441,random_forest,0.8231327954431218,0.6508939413676305,high,refresh,declining_with_demand|model_decline_risk|visible_model_opportunity,1,4621,1,15,35.2,0.02,124,104,1522.0,down,LOW,keyword article,informational,91-180,91-180,1000-2000,good,page_3_5
57,content_9cddb79b32a7,client_3fdba35f04,78.23075933609482,random_forest,0.8312778459641899,0.63139695,medium,refresh,declining_with_demand|model_decline_risk|visible_model_opportunity,1,2235,2,8,24.8,0.09,124,104,1586.0,down,MEDIUM,keyword article,transactional,91-180,91-180,1000-2000,moderate,page_3_5
58,content_433fc1c77095,client_3fdba35f04,78.21152804457061,random_forest,0.7832181173134746,0.7354506295068026,high,refresh_and_review_ctr,declining_with_demand|low_ctr_visible_page|model_decline_risk|visible_model_opportunity|ctr_review_candidate,1,3177,4,12,5.0,0.13,139,104,1836.0,down,MEDIUM,keyword article,commercial,91-180,91-180,1000-2000,good,page_1
59,content_18d83d6ef368,client_7f2253d7e2,78.20406610461141,random_forest,0.7536075722191166,0.799696614622449,high,refresh_and_review_ctr,declining_with_demand|low_ctr_visible_page|model_decline_risk|visible_model_opportunity|ctr_review_candidate,1,8864,20,25,20.0,0.23,106,106,2546.0,down,LOW,keyword article,informational,91-180,91-180,2000-3500,good,page_3_5
60,content_ecd0b428fcae,client_3fdba35f04,78.19879587507668,random_forest,0.8000718746863431,0.6983548515538548,high,refresh_and_review_ctr,declining_with_demand|page_one_decay_risk|low_ctr_visible_page|model_decline_risk|visible_model_opportunity|ctr_review_candidate,1,2114,2,11,4.2,0.09,310,104,1395.0,down,LOW,keyword article,transactional,181-365,91-180,1000-2000,moderate,page_1
61,content_714cd092a56f,client_7f2253d7e2,78.17209819293801,random_forest,0.8257178956277873,0.6416791441964286,high,refresh_and_review_ctr,declining_with_demand|low_ctr_visible_page|low_engagement_visible_page|model_decline_risk|visible_model_opportunity|ctr_review_candidate|engagement_review_candidate,1,22127,70,73,17.5,0.32,224,20,4684.0,down,LOW,keyword article,commercial,181-365,0-30,3500+,good,striking
62,content_875fc7912e9b,client_7f2253d7e2,78.16280443856309,random_forest,0.8180351228438232,0.6581195722301588,high,refresh_and_review_ctr,declining_with_demand|low_ctr_visible_page|low_engagement_visible_page|model_decline_risk|visible_model_opportunity|ctr_review_candidate|engagement_review_candidate,1,21533,102,86,14.6,0.47,224,20,3709.0,down,LOW,keyword article,informational,181-365,0-30,3500+,good,striking
63,content_2db43735a69a,client_7f2253d7e2,78.15880286545783,random_forest,0.8035342139088248,0.689571383393424,high,refresh_and_review_ctr,declining_with_demand|low_ctr_visible_page|low_engagement_visible_page|model_decline_risk|visible_model_opportunity|ctr_review_candidate|engagement_review_candidate,1,36130,145,126,11.1,0.4,225,20,4109.0,down,LOW,keyword article,informational,181-365,0-30,3500+,excellent,striking
64,content_66677b99e328,client_7f2253d7e2,78.12687738673438,random_forest,0.8479329612226718,0.5918982632845804,high,refresh,declining_with_demand|model_decline_risk|visible_model_opportunity,1,29616,49,48,30.1,0.17,141,20,3808.0,down,LOW,keyword article,informational,91-180,0-30,3500+,good,page_3_5
65,content_4aaeb527edf7,client_7f2253d7e2,78.12639639329866,random_forest,0.8082860954925013,0.678215886494898,high,refresh_and_review_ctr,declining_with_demand|page_one_decay_risk|low_ctr_visible_page|low_engagement_visible_page|model_decline_risk|visible_model_opportunity|ctr_review_candidate|engagement_review_candidate,1,22401,69,80,10.0,0.31,224,20,4804.0,down,LOW,keyword article,informational,181-365,0-30,3500+,good,striking
66,content_816431f05a3b,client_3fdba35f04,78.09950354785964,random_forest,0.8482079830425598,0.5904478555555555,high,refresh,declining_with_demand|model_decline_risk|visible_model_opportunity,1,1922,0,25,33.4,0.0,165,104,1495.0,down,MEDIUM,keyword article,informational,91-180,91-180,1000-2000,moderate,page_3_5
67,content_e8a21e0ca537,client_7f2253d7e2,78.07895205774902,random_forest,0.8143827408123044,0.6634643211870749,high,refresh_and_review_ctr,declining_with_demand|low_ctr_visible_page|low_engagement_visible_page|model_decline_risk|visible_model_opportunity|ctr_review_candidate|engagement_review_candidate,1,27812,77,77,14.9,0.28,147,20,4029.0,down,LOW,keyword article,informational,91-180,0-30,3500+,good,striking
68,content_4a7f389bfe72,client_3fdba35f04,78.05999032736466,random_forest,0.7962117417018914,0.7024425198367347,medium,refresh_and_review_ctr,declining_with_demand|low_ctr_visible_page|model_decline_risk|visible_model_opportunity|ctr_review_candidate,1,2266,3,6,4.8,0.13,131,104,1516.0,down,LOW,keyword article,transactional,91-180,91-180,1000-2000,moderate,page_1
69,content_12913e63df31,client_3fdba35f04,78.05190237280583,random_forest,0.8247136346601457,0.6401269462953514,high,refresh_and_review_ctr,declining_with_demand|low_ctr_visible_page|model_decline_risk|visible_model_opportunity|ctr_review_candidate,1,1915,1,23,18.2,0.05,174,104,1554.0,down,LOW,keyword article,transactional,91-180,91-180,1000-2000,moderate,striking
70,content_792d2e64b2e3,client_7f2253d7e2,78.04766188791345,random_forest,0.8314882582352425,0.6252430293367347,medium,refresh,declining_with_demand|model_decline_risk|visible_model_opportunity,1,22080,4,4,21.6,0.02,141,20,3743.0,down,LOW,keyword article,informational,91-180,0-30,3500+,good,page_3_5
71,content_cbdf5a78dcd0,client_19581e27de,78.01169897279883,random_forest,0.7254942220856607,0.8549304251845238,medium,refresh_and_review_ctr,low_ctr_visible_page|model_decline_risk|visible_model_opportunity|ctr_review_candidate,0,14830,3,4,2.4,0.02,126,104,3187.0,up,LOW,keyword article,transactional,91-180,91-180,2000-3500,good,top_3
72,content_fab24ca59480,client_7f2253d7e2,77.97232933837356,random_forest,0.7940954132797254,0.7043239755357144,high,refresh_and_review_ctr,declining_with_demand|page_one_decay_risk|low_ctr_visible_page|low_engagement_visible_page|model_decline_risk|visible_model_opportunity|ctr_review_candidate|engagement_review_candidate,1,22491,81,72,5.2,0.36,224,20,3942.0,down,LOW,keyword article,informational,181-365,0-30,3500+,good,page_1
73,content_3a3391080e53,client_7f2253d7e2,77.9276364746337,random_forest,0.7893246275937216,0.7133222541309524,high,refresh_and_review_ctr,declining_with_demand|page_one_decay_risk|low_ctr_visible_page|low_engagement_visible_page|model_decline_risk|visible_model_opportunity|ctr_review_candidate|engagement_review_candidate,1,28404,48,55,4.5,0.17,224,20,4676.0,down,LOW,keyword article,informational,181-365,0-30,3500+,good,page_1
74,content_65bf969d1247,client_3fdba35f04,77.89567426966781,random_forest,0.8379295633896656,0.6064888532111679,high,refresh_and_review_ctr,declining_with_demand|low_ctr_visible_page|model_decline_risk|visible_model_opportunity|ctr_review_candidate,1,1092,1,13,12.0,0.09,139,104,1361.0,down,HIGH,keyword article,informational,91-180,91-180,1000-2000,moderate,striking
75,content_95c47359824d,client_7f2253d7e2,77.88974501229707,random_forest,0.8428790189882247,0.5955267763962585,high,refresh_and_review_engagement,declining_with_demand|low_engagement_visible_page|model_decline_risk|visible_model_opportunity|engagement_review_candidate,1,28190,85,96,28.5,0.3,141,20,4563.0,down,LOW,keyword article,commercial,91-180,0-30,3500+,good,page_3_5
76,content_c1f7f47a401b,client_19581e27de,77.88073533659845,random_forest,0.7762492568823467,0.7403353939625851,medium,refresh_and_review_ctr,declining_with_demand|low_ctr_visible_page|model_decline_risk|visible_model_opportunity|ctr_review_candidate,1,2731,1,2,2.2,0.04,144,104,0.0,down,LOW,keyword article,informational,91-180,91-180,unknown,moderate,top_3
77,content_5cda32af644c,client_3fdba35f04,77.87548924901435,random_forest,0.8468155223354374,0.5865114239280045,high,refresh_and_review_ctr,declining_with_demand|low_ctr_visible_page|model_decline_risk|visible_model_opportunity|ctr_review_candidate,1,720,0,17,3.0,0.0,148,104,1587.0,down,LOW,keyword article,informational,91-180,91-180,1000-2000,moderate,top_3
78,content_f48309254bb6,client_19581e27de,77.85577420064155,random_forest,0.7220218293758911,0.8576412343673468,high,refresh_and_review_ctr,declining_with_demand|low_ctr_visible_page|model_decline_risk|visible_model_opportunity|ctr_review_candidate,1,21363,19,23,4.9,0.09,139,104,3590.0,down,LOW,keyword article,transactional,91-180,91-180,3500+,good,page_1
79,content_a0404909ecca,client_3fdba35f04,77.83387174705152,random_forest,0.8397281349966415,0.6006498597732426,high,refresh_and_review_ctr,declining_with_demand|low_ctr_visible_page|model_decline_risk|visible_model_opportunity|ctr_review_candidate,1,1115,0,19,14.1,0.0,131,104,1640.0,down,MEDIUM,keyword article,transactional,91-180,91-180,1000-2000,moderate,striking
80,content_b005f46f2e4c,client_3fdba35f04,77.82583720684785,random_forest,0.848614545636948,0.5810494203622448,high,refresh_and_review_ctr,declining_with_demand|low_ctr_visible_page|low_engagement_visible_page|model_decline_risk|visible_model_opportunity|ctr_review_candidate|engagement_review_candidate,1,673,1,45,2.7,0.15,165,104,1392.0,down,MEDIUM,keyword article,informational,91-180,91-180,1000-2000,moderate,top_3
81,content_9b28cf5ae4f3,client_f369cb89fc,77.8208973647043,random_forest,0.7869178891870559,0.7152426124297051,medium,refresh_and_review_ctr,declining_with_demand|low_ctr_visible_page|model_decline_risk|visible_model_opportunity|ctr_review_candidate,1,1620,1,6,1.1,0.06,106,106,2869.0,down,LOW,keyword article,transactional,91-180,91-180,2000-3500,moderate,top_3
82,content_558fd4b27659,client_3fdba35f04,77.81718183608639,random_forest,0.8113295638763153,0.6619696636972788,high,refresh_and_review_engagement,declining_with_demand|low_engagement_visible_page|model_decline_risk|visible_model_opportunity|engagement_review_candidate,1,2559,6,34,20.2,0.23,144,104,1402.0,down,LOW,keyword article,informational,91-180,91-180,1000-2000,moderate,page_3_5
83,content_7f2e4d6bf2a8,client_3fdba35f04,77.79186700446748,random_forest,0.8185898254754291,0.645372676755102,high,refresh,declining_with_demand|model_decline_risk|visible_model_opportunity,1,2732,3,17,26.6,0.11,174,104,1334.0,down,LOW,keyword article,commercial,91-180,91-180,1000-2000,moderate,page_3_5
84,content_8dba22b835f8,client_3fdba35f04,77.77454292269054,random_forest,0.8454970368388277,0.586242269515306,high,refresh,declining_with_demand|model_decline_risk|visible_model_opportunity,1,1192,0,13,21.9,0.0,165,104,1405.0,down,LOW,keyword article,transactional,91-180,91-180,1000-2000,moderate,page_3_5
85,content_41323965b20c,client_3fdba35f04,77.75496428527084,random_forest,0.807629708983526,0.6680907963673469,high,refresh,declining_with_demand|model_decline_risk|visible_model_opportunity,1,4757,5,25,31.3,0.11,124,104,1561.0,down,LOW,keyword article,informational,91-180,91-180,1000-2000,good,page_3_5
86,content_f1772425d6f8,client_3fdba35f04,77.7236210286912,random_forest,0.8016501148406242,0.6801365777233559,medium,refresh_and_review_ctr,declining_with_demand|low_ctr_visible_page|model_decline_risk|visible_model_opportunity|ctr_review_candidate,1,1752,4,7,3.9,0.23,131,104,1300.0,down,HIGH,keyword article,commercial,91-180,91-180,1000-2000,moderate,page_1
87,content_b01a3c1455db,client_7f2253d7e2,77.71783412898779,random_forest,0.8491213088769315,0.5765861968435374,high,refresh,declining_with_demand|model_decline_risk|visible_model_opportunity,1,22184,30,35,31.2,0.14,141,20,4289.0,down,LOW,keyword article,informational,91-180,0-30,3500+,good,page_3_5
88,content_18c6a9f656f5,client_7f2253d7e2,77.71393987620004,random_forest,0.8148044865942269,0.6511912653582766,high,refresh_and_review_engagement,declining_with_demand|low_engagement_visible_page|model_decline_risk|visible_model_opportunity|engagement_review_candidate,1,13870,69,66,11.7,0.5,224,20,3876.0,down,LOW,keyword article,commercial,181-365,0-30,3500+,good,striking
89,content_69ccf0b9d497,client_3fdba35f04,77.71241842342408,random_forest,0.8042673187364743,0.6740890276241497,high,refresh_and_review_engagement,declining_with_demand|low_engagement_visible_page|model_decline_risk|visible_model_opportunity|engagement_review_candidate,1,3040,16,69,21.1,0.53,144,104,1423.0,down,LOW,keyword article,informational,91-180,91-180,1000-2000,good,page_3_5
90,content_e1039a455c32,client_7f2253d7e2,77.70627590765471,random_forest,0.8215688744599157,0.6362231403639456,high,refresh_and_review_ctr,declining_with_demand|low_ctr_visible_page|model_decline_risk|visible_model_opportunity|ctr_review_candidate,1,24758,37,28,19.6,0.15,141,20,4266.0,down,LOW,keyword article,informational,91-180,0-30,3500+,good,striking
91,content_673fe764797f,client_7f2253d7e2,77.67891369423188,random_forest,0.8452530739280182,0.5837987032165532,high,refresh_and_review_engagement,declining_with_demand|low_engagement_visible_page|model_decline_risk|visible_model_opportunity|engagement_review_candidate,1,13672,68,70,25.7,0.5,141,20,4233.0,down,LOW,keyword article,informational,91-180,0-30,3500+,good,page_3_5
92,content_dc8482da17c4,client_7f2253d7e2,77.67884701780018,random_forest,0.8358664975006583,0.6042362628163266,high,refresh_and_review_engagement,declining_with_demand|low_engagement_visible_page|model_decline_risk|visible_model_opportunity|engagement_review_candidate,1,18213,21,38,24.2,0.12,147,20,3879.0,down,LOW,keyword article,informational,91-180,0-30,3500+,good,page_3_5
93,content_384d9f9e00c9,client_7f2253d7e2,77.64257233425398,random_forest,0.8393937457952583,0.5954271211950113,high,refresh_and_review_engagement,declining_with_demand|low_engagement_visible_page|model_decline_risk|visible_model_opportunity|engagement_review_candidate,1,11465,55,63,21.4,0.48,141,20,4019.0,down,LOW,keyword article,informational,91-180,0-30,3500+,good,page_3_5
94,content_f9d82e71e363,client_19581e27de,77.61711690765422,random_forest,0.6950941695880324,0.908853178004535,high,refresh_and_review_ctr,declining_with_demand|low_ctr_visible_page|low_engagement_visible_page|model_decline_risk|visible_model_opportunity|ctr_review_candidate|engagement_review_candidate,1,24260,19,44,2.0,0.08,153,104,0.0,down,MEDIUM,keyword article,transactional,91-180,91-180,unknown,good,top_3
95,content_eb0ce218868b,client_3fdba35f04,77.61448808596164,random_forest,0.8076381761762137,0.6637024677959183,high,refresh_and_review_engagement,declining_with_demand|low_engagement_visible_page|model_decline_risk|visible_model_opportunity|engagement_review_candidate,1,3495,5,38,27.0,0.14,284,104,1380.0,down,HIGH,keyword article,transactional,181-365,91-180,1000-2000,good,page_3_5
96,content_d88a80933ba2,client_7f2253d7e2,77.60175692453718,random_forest,0.8131145341276179,0.6513814491337868,high,refresh_and_review_engagement,declining_with_demand|low_engagement_visible_page|model_decline_risk|visible_model_opportunity|engagement_review_candidate,1,12892,107,101,10.6,0.83,225,20,4050.0,down,LOW,keyword article,informational,181-365,0-30,3500+,good,striking
97,content_468bdf208cd2,client_3fdba35f04,77.59507013104344,random_forest,0.7738393274476212,0.7366967222236395,high,refresh_and_review_ctr,declining_with_demand|page_one_decay_risk|low_ctr_visible_page|model_decline_risk|visible_model_opportunity|ctr_review_candidate,1,3508,4,10,7.8,0.11,284,104,1416.0,down,HIGH,keyword article,transactional,181-365,91-180,1000-2000,good,page_1
98,content_b893db8d7619,client_3fdba35f04,77.57954874318922,random_forest,0.8379398266497396,0.5966325677261904,medium,refresh_and_review_ctr,declining_with_demand|low_ctr_visible_page|model_decline_risk|visible_model_opportunity|ctr_review_candidate,1,818,0,4,4.5,0.0,124,104,1560.0,down,MEDIUM,keyword article,transactional,91-180,91-180,1000-2000,moderate,page_1
99,content_7057416a1fd6,client_3fdba35f04,77.57909362405428,random_forest,0.7487169671823518,0.7909046424642856,high,refresh_and_review_ctr,declining_with_demand|page_one_decay_risk|low_ctr_visible_page|model_decline_risk|visible_model_opportunity|ctr_review_candidate,1,5485,6,16,4.5,0.11,310,104,1351.0,down,LOW,keyword article,informational,181-365,91-180,1000-2000,good,page_1
100,content_9d9905bcb297,client_7f2253d7e2,77.57836126671384,random_forest,0.7956379696762633,0.6887095601473924,high,refresh_and_review_ctr,declining_with_demand|low_ctr_visible_page|model_decline_risk|visible_model_opportunity|ctr_review_candidate,1,45127,60,62,12.3,0.13,141,20,3963.0,down,LOW,keyword article,transactional,91-180,0-30,3500+,excellent,striking
101,content_5e3007609e04,client_3fdba35f04,77.57041701042287,random_forest,0.8208330371231085,0.6335991973656463,high,refresh_and_review_ctr,declining_with_demand|low_ctr_visible_page|low_engagement_visible_page|model_decline_risk|visible_model_opportunity|ctr_review_candidate|engagement_review_candidate,1,1613,3,43,15.2,0.19,124,104,1502.0,down,LOW,keyword article,commercial,91-180,91-180,1000-2000,moderate,striking
102,content_bf1f26fb4f5f,client_7f2253d7e2,77.55308533458724,random_forest,0.8068076552329511,0.6636008611836736,high,refresh_and_review_ctr,declining_with_demand|low_ctr_visible_page|model_decline_risk|visible_model_opportunity|ctr_review_candidate,1,15292,9,10,10.0,0.06,132,20,4018.0,down,LOW,keyword article,informational,91-180,0-30,3500+,good,page_1
103,content_80856ce26978,client_3fdba35f04,77.5521194548724,random_forest,0.8330751069219618,0.6063724213954081,high,refresh,declining_with_demand|model_decline_risk|visible_model_opportunity,1,2243,0,17,32.2,0.0,165,104,1556.0,down,LOW,keyword article,transactional,91-180,91-180,1000-2000,moderate,page_3_5
104,content_92ca79f8b232,client_19581e27de,77.54957691259925,random_forest,0.7691398894607541,0.7455147412494331,high,refresh_and_review_ctr,declining_with_demand|low_ctr_visible_page|model_decline_risk|visible_model_opportunity|ctr_review_candidate,1,4667,0,11,7.5,0.0,139,104,3597.0,down,LOW,keyword article,informational,91-180,91-180,3500+,good,page_1
105,content_70450b1c27ae,client_3fdba35f04,77.54808548006281,random_forest,0.7918522348344814,0.6960113344285715,medium,refresh,declining_with_demand|model_decline_risk|visible_model_opportunity,1,8111,0,4,33.9,0.0,165,104,1287.0,down,LOW,keyword article,commercial,91-180,91-180,1000-2000,good,page_3_5
106,content_7603a5153758,client_3fdba35f04,77.54705162908809,random_forest,0.806133608286128,0.6648809298412698,high,refresh,declining_with_demand|model_decline_risk|visible_model_opportunity,1,4171,5,10,30.1,0.12,131,104,1414.0,down,LOW,keyword article,informational,91-180,91-180,1000-2000,good,page_3_5
107,content_ac1d924c6a70,client_7f2253d7e2,77.54091742968944,random_forest,0.7506651063056831,0.7854749206077097,high,refresh_and_review_engagement,declining_with_demand|low_engagement_visible_page|model_decline_risk|visible_model_opportunity|engagement_review_candidate,1,21853,28,31,31.7,0.13,106,106,2715.0,down,LOW,keyword article,informational,91-180,91-180,2000-3500,good,page_3_5
108,content_a0961c8c08e5,client_7f2253d7e2,77.52665152517216,random_forest,0.7938509076238367,0.6909923860561226,high,refresh_and_review_ctr,declining_with_demand|low_ctr_visible_page|low_engagement_visible_page|model_decline_risk|visible_model_opportunity|ctr_review_candidate|engagement_review_candidate,1,32789,89,127,10.9,0.27,224,20,3600.0,down,LOW,keyword article,informational,181-365,0-30,3500+,excellent,striking
109,content_2f06371514c2,client_7f2253d7e2,77.52457845410615,random_forest,0.8111869680919432,0.6531779544274376,high,refresh_and_review_ctr,declining_with_demand|low_ctr_visible_page|model_decline_risk|visible_model_opportunity|ctr_review_candidate,1,25999,23,27,16.2,0.09,225,20,4644.0,down,LOW,keyword article,informational,181-365,0-30,3500+,good,striking
110,content_f986bd514b6e,client_7f2253d7e2,77.51248192235832,random_forest,0.790322710354575,0.6982343885714286,medium,refresh_and_review_ctr,declining_with_demand|low_ctr_visible_page|model_decline_risk|visible_model_opportunity|ctr_review_candidate,1,22456,1,4,6.6,0.0,172,20,3803.0,down,unknown,keyword article,unknown,91-180,0-30,3500+,good,page_1
111,content_60b286f9ce37,client_3fdba35f04,77.50427405746477,random_forest,0.7824465486488088,0.7151297079931974,high,refresh_and_review_ctr,declining_with_demand|page_one_decay_risk|low_ctr_visible_page|low_engagement_visible_page|model_decline_risk|visible_model_opportunity|ctr_review_candidate|engagement_review_candidate,1,2521,3,40,5.0,0.12,333,104,1318.0,down,LOW,keyword article,informational,181-365,91-180,1000-2000,moderate,page_1
112,content_a2791249dc7b,client_7f2253d7e2,77.50164812525348,random_forest,0.8137892985659329,0.6467979693180272,high,refresh_and_review_ctr,declining_with_demand|low_ctr_visible_page|model_decline_risk|visible_model_opportunity|ctr_review_candidate,1,12437,6,11,11.1,0.05,141,20,4106.0,down,LOW,keyword article,informational,91-180,0-30,3500+,good,striking
113,content_2d14b344651b,client_3fdba35f04,77.4778479168298,random_forest,0.7555183414730661,0.7729448658001701,high,refresh_and_review_ctr,declining_with_demand|low_ctr_visible_page|model_decline_risk|visible_model_opportunity|ctr_review_candidate,1,4774,9,21,5.4,0.19,144,104,1539.0,down,LOW,keyword article,informational,91-180,91-180,1000-2000,good,page_1
114,content_fc7c3c7271cb,client_7f2253d7e2,77.47575248785814,random_forest,0.842735277723423,0.5829614248888889,high,refresh,declining_with_demand|model_decline_risk|visible_model_opportunity,1,22336,30,39,30.4,0.13,141,20,3772.0,down,LOW,keyword article,informational,91-180,0-30,3500+,good,page_3_5
115,content_20e0f68c82ce,client_3fdba35f04,77.47153502015748,random_forest,0.7853038314383194,0.7078894280187075,high,refresh_and_review_ctr,declining_with_demand|low_ctr_visible_page|model_decline_risk|visible_model_opportunity|ctr_review_candidate,1,3541,7,17,15.5,0.2,131,104,1445.0,down,LOW,keyword article,informational,91-180,91-180,1000-2000,good,striking
116,content_c8c5d1dc5039,client_7f2253d7e2,77.4695261336475,random_forest,0.8315352563943419,0.6071562176190477,high,refresh,declining_with_demand|model_decline_risk|visible_model_opportunity,1,14178,20,16,21.3,0.14,132,20,3945.0,down,LOW,keyword article,informational,91-180,0-30,3500+,good,page_3_5
117,content_69996e576c9b,client_3fdba35f04,77.46466092304804,random_forest,0.7788256980865457,0.7217819769914967,high,refresh_and_review_ctr,declining_with_demand|low_ctr_visible_page|model_decline_risk|visible_model_opportunity|ctr_review_candidate,1,3917,8,16,13.7,0.2,124,104,1588.0,down,HIGH,keyword article,transactional,91-180,91-180,1000-2000,good,striking
118,content_44c47f990ae1,client_3fdba35f04,77.4627056836321,random_forest,0.7998067320633637,0.6760341398344671,high,refresh_and_review_ctr,declining_with_demand|low_ctr_visible_page|low_engagement_visible_page|model_decline_risk|visible_model_opportunity|ctr_review_candidate|engagement_review_candidate,1,2563,5,53,16.1,0.2,165,104,1472.0,down,MEDIUM,keyword article,informational,91-180,91-180,1000-2000,moderate,striking
119,content_971e2a5035bc,client_6208ef0f77,77.4539427315573,random_forest,0.7381271541936466,0.810071214489796,high,refresh_and_review_ctr,declining_with_demand|page_one_decay_risk|low_ctr_visible_page|low_engagement_visible_page|model_decline_risk|visible_model_opportunity|ctr_review_candidate|engagement_review_candidate,1,9179,1,45,3.5,0.01,287,104,5832.0,down,LOW,keyword article,informational,181-365,91-180,3500+,good,page_1
120,content_7f12daa9fcef,client_7f2253d7e2,77.44925547497488,random_forest,0.8309352357461419,0.607832212329932,high,refresh,declining_with_demand|model_decline_risk|visible_model_opportunity,1,13279,54,59,20.1,0.41,132,20,4377.0,down,LOW,keyword article,commercial,91-180,0-30,3500+,good,page_3_5
121,content_a0a640a446ef,client_7f2253d7e2,77.44443117874063,random_forest,0.8019680714684252,0.6707592618163265,high,refresh_and_review_ctr,declining_with_demand|page_one_decay_risk|low_ctr_visible_page|low_engagement_visible_page|model_decline_risk|visible_model_opportunity|ctr_review_candidate|engagement_review_candidate,1,15996,72,72,9.0,0.45,225,20,3878.0,down,LOW,keyword article,informational,181-365,0-30,3500+,good,page_1
122,content_e124b9e2b959,client_3fdba35f04,77.41807070541356,random_forest,0.8169992865772281,0.6372081951023241,medium,refresh,declining_with_demand|model_decline_risk|visible_model_opportunity,1,1984,2,8,20.1,0.1,165,104,1557.0,down,MEDIUM,keyword article,informational,91-180,91-180,1000-2000,moderate,page_3_5
123,content_1d533efd8c4d,client_7f2253d7e2,77.39650303841341,random_forest,0.8075567551949784,0.6570987525011338,high,refresh_and_review_engagement,declining_with_demand|low_engagement_visible_page|model_decline_risk|visible_model_opportunity|engagement_review_candidate,1,18117,139,139,12.7,0.77,147,20,4301.0,down,LOW,keyword article,informational,91-180,0-30,3500+,good,striking
124,content_91283c049685,client_19581e27de,77.38237398720673,random_forest,0.7719848917994342,0.7341183406519275,high,refresh_and_review_ctr,declining_with_demand|low_ctr_visible_page|model_decline_risk|visible_model_opportunity|ctr_review_candidate,1,3904,4,13,5.4,0.1,139,104,4725.0,down,LOW,keyword article,informational,91-180,91-180,3500+,good,page_1
125,content_9428850c5661,client_3fdba35f04,77.3772202376442,random_forest,0.8245955130058747,0.6193963538809523,high,refresh,declining_with_demand|model_decline_risk|visible_model_opportunity,1,2145,0,18,27.3,0.0,155,104,1548.0,down,LOW,keyword article,informational,91-180,91-180,1000-2000,moderate,page_3_5
126,content_4bb993e9270e,client_6208ef0f77,77.36028429291535,random_forest,0.7953579644758176,0.6825354100680272,medium,refresh_and_review_ctr,declining_with_demand|low_ctr_visible_page|model_decline_risk|visible_model_opportunity|ctr_review_candidate,1,1986,0,2,1.3,0.0,151,104,5325.0,down,LOW,keyword article,informational,91-180,91-180,3500+,moderate,top_3
127,content_f2813e0b8901,client_3fdba35f04,77.35480368661777,random_forest,0.8103828764421535,0.6496475932511337,high,refresh_and_review_engagement,declining_with_demand|low_engagement_visible_page|model_decline_risk|visible_model_opportunity|engagement_review_candidate,1,3375,4,49,30.2,0.12,165,104,1271.0,down,LOW,keyword article,informational,91-180,91-180,1000-2000,good,page_3_5
128,content_8c6cdc6b2e1e,client_19581e27de,77.34854645827008,random_forest,0.7105494684842972,0.8668440580651927,high,refresh_and_review_ctr,declining_with_demand|low_ctr_visible_page|model_decline_risk|visible_model_opportunity|ctr_review_candidate,1,15443,21,29,2.9,0.14,126,104,2548.0,down,LOW,keyword article,informational,91-180,91-180,2000-3500,good,top_3
129,content_6dffb8bfe857,client_3fdba35f04,77.3438213634075,random_forest,0.8023908455853106,0.6667089152310091,medium,refresh,declining_with_demand|model_decline_risk|visible_model_opportunity,1,3479,2,3,25.4,0.06,139,104,1728.0,down,HIGH,keyword article,transactional,91-180,91-180,1000-2000,good,page_3_5
130,content_b83907720748,client_3fdba35f04,77.34108012093776,random_forest,0.7894599651985071,0.6947811343996598,medium,refresh,declining_with_demand|model_decline_risk|visible_model_opportunity,1,3782,1,7,20.7,0.03,124,104,1262.0,down,LOW,keyword article,informational,91-180,91-180,1000-2000,good,page_3_5
131,content_2333ccd359f7,client_7f2253d7e2,77.33926373038685,random_forest,0.8133678982612332,0.6426641803809524,high,refresh_and_review_engagement,declining_with_demand|low_engagement_visible_page|model_decline_risk|visible_model_opportunity|engagement_review_candidate,1,43280,60,57,21.3,0.14,224,20,4052.0,down,LOW,keyword article,commercial,181-365,0-30,3500+,excellent,page_3_5
132,content_4bcb30ab7531,client_7f2253d7e2,77.33750356031557,random_forest,0.8026969191741035,0.6658458958367347,high,refresh_and_review_engagement,declining_with_demand|low_engagement_visible_page|model_decline_risk|visible_model_opportunity|engagement_review_candidate,1,25485,133,133,13.8,0.52,147,20,4098.0,down,LOW,keyword article,informational,91-180,0-30,3500+,good,striking
133,content_3db36d3c70db,client_7f2253d7e2,77.33222778186641,random_forest,0.8362556867206777,0.5926062623265307,high,refresh_and_review_engagement,declining_with_demand|low_engagement_visible_page|model_decline_risk|visible_model_opportunity|engagement_review_candidate,1,26326,39,48,29.4,0.15,141,20,3735.0,down,LOW,keyword article,informational,91-180,0-30,3500+,good,page_3_5
134,content_9d62fee2ccfc,client_7f2253d7e2,77.31959497930664,random_forest,0.7912566584511214,0.6902004119903627,high,refresh_and_review_engagement,declining_with_demand|page_one_decay_risk|low_engagement_visible_page|model_decline_risk|visible_model_opportunity|engagement_review_candidate,1,16170,82,91,4.9,0.51,225,20,3952.0,down,LOW,keyword article,informational,181-365,0-30,3500+,good,page_1
135,content_341b1ecdea85,client_7f2253d7e2,77.31851152771117,random_forest,0.8202993642715961,0.6269250914438776,high,refresh_and_review_engagement,declining_with_demand|low_engagement_visible_page|model_decline_risk|visible_model_opportunity|engagement_review_candidate,1,39876,31,43,24.2,0.08,224,20,4012.0,down,LOW,keyword article,informational,181-365,0-30,3500+,excellent,page_3_5
136,content_9d95058d8c5d,client_7f2253d7e2,77.3137547743397,random_forest,0.7844094928759737,0.7049287049263039,high,refresh_and_review_ctr,declining_with_demand|page_one_decay_risk|low_ctr_visible_page|model_decline_risk|visible_model_opportunity|ctr_review_candidate,1,20324,7,15,3.4,0.03,225,20,5135.0,down,LOW,keyword article,informational,181-365,0-30,3500+,good,page_1
137,content_cedfc234a0b9,client_7f2253d7e2,77.289460356411,random_forest,0.7896073801342667,0.6928543607142856,high,refresh_and_review_ctr,declining_with_demand|page_one_decay_risk|low_ctr_visible_page|model_decline_risk|visible_model_opportunity|ctr_review_candidate,1,21394,12,14,7.1,0.06,224,20,3935.0,down,LOW,keyword article,informational,181-365,0-30,3500+,good,page_1
138,content_45af13de0a63,client_7f2253d7e2,77.28209724709596,random_forest,0.7781310209332775,0.7176155280317461,high,refresh_and_review_ctr,declining_with_demand|page_one_decay_risk|low_ctr_visible_page|low_engagement_visible_page|model_decline_risk|visible_model_opportunity|ctr_review_candidate|engagement_review_candidate,1,35224,99,118,5.2,0.28,224,20,4233.0,down,LOW,keyword article,informational,181-365,0-30,3500+,excellent,page_1
139,content_d92dee9bba8c,client_3fdba35f04,77.2773668833152,random_forest,0.7837230129666921,0.7052915980595239,high,refresh_and_review_ctr,declining_with_demand|low_ctr_visible_page|model_decline_risk|visible_model_opportunity|ctr_review_candidate,1,2207,8,25,3.1,0.36,144,104,1518.0,down,LOW,keyword article,informational,91-180,91-180,1000-2000,moderate,page_1
140,content_fac9e8c13f4c,client_3fdba35f04,77.2716223691002,random_forest,0.8465891235283148,0.5682195086544786,medium,refresh_and_review_ctr,declining_with_demand|low_ctr_visible_page|model_decline_risk|visible_model_opportunity|ctr_review_candidate,1,858,0,8,17.4,0.0,165,104,1390.0,down,MEDIUM,keyword article,informational,91-180,91-180,1000-2000,moderate,striking
141,content_b1e80da487a2,client_7f2253d7e2,77.25844657151488,random_forest,0.7847125326807587,0.7025483132426303,high,refresh_and_review_ctr,declining_with_demand|page_one_decay_risk|low_ctr_visible_page|model_decline_risk|visible_model_opportunity|ctr_review_candidate,1,23228,39,45,5.6,0.17,224,20,4199.0,down,LOW,keyword article,informational,181-365,0-30,3500+,good,page_1
142,content_ab82c4705992,client_7f2253d7e2,77.25745437959547,random_forest,0.8311581431787373,0.6013803325555556,high,refresh_and_review_engagement,declining_with_demand|low_engagement_visible_page|model_decline_risk|visible_model_opportunity|engagement_review_candidate,1,12315,80,92,20.6,0.65,147,20,4460.0,down,LOW,keyword article,informational,91-180,0-30,3500+,good,page_3_5
143,content_d06315b2b326,client_3fdba35f04,77.24915376899537,random_forest,0.8216527643834795,0.6218204501904762,medium,refresh_and_review_ctr,declining_with_demand|low_ctr_visible_page|model_decline_risk|visible_model_opportunity|ctr_review_candidate,1,1342,1,4,13.6,0.07,155,104,1447.0,down,LOW,keyword article,informational,91-180,91-180,1000-2000,moderate,striking
144,content_186489efe6f4,client_6208ef0f77,77.23790394664593,random_forest,0.7572675097069356,0.7616718800892858,high,refresh_and_review_ctr,low_ctr_visible_page|model_decline_risk|visible_model_opportunity|ctr_review_candidate,0,4792,3,17,2.3,0.06,148,104,6962.0,stable,LOW,keyword article,informational,91-180,91-180,3500+,good,top_3
145,content_b01e11168073,client_3fdba35f04,77.23655182399843,random_forest,0.829634003715087,0.6040489749243197,high,refresh_and_review_engagement,declining_with_demand|low_engagement_visible_page|model_decline_risk|visible_model_opportunity|engagement_review_candidate,1,2772,3,61,37.7,0.11,165,104,1551.0,down,MEDIUM,keyword article,transactional,91-180,91-180,1000-2000,moderate,page_3_5
146,content_c2ac8518bb1f,client_7f2253d7e2,77.23480361686966,random_forest,0.8082554315518632,0.6505472611904762,high,refresh_and_review_ctr,declining_with_demand|low_ctr_visible_page|model_decline_risk|visible_model_opportunity|ctr_review_candidate,1,35150,84,74,18.5,0.24,141,20,4597.0,down,LOW,keyword article,informational,91-180,0-30,3500+,excellent,striking
147,content_5f7fade16765,client_7f2253d7e2,77.23429648144065,random_forest,0.79223917316329,0.6854075083900228,high,refresh_and_review_ctr,declining_with_demand|low_ctr_visible_page|low_engagement_visible_page|model_decline_risk|visible_model_opportunity|ctr_review_candidate|engagement_review_candidate,1,30781,46,59,11.6,0.15,225,20,3611.0,down,LOW,keyword article,informational,181-365,0-30,3500+,excellent,striking
148,content_aa98ebf95fa8,client_3fdba35f04,77.22849759365494,random_forest,0.7353609642080626,0.8090816214693877,high,refresh_and_review_ctr,declining_with_demand|low_ctr_visible_page|low_engagement_visible_page|model_decline_risk|visible_model_opportunity|ctr_review_candidate|engagement_review_candidate,1,7078,13,44,5.6,0.18,165,104,1269.0,down,MEDIUM,keyword article,informational,91-180,91-180,1000-2000,good,page_1
149,content_fb5ea6f6ea7c,client_19581e27de,77.22808617388554,random_forest,0.7158859488602648,0.8514764234126984,medium,refresh_and_review_ctr,declining_with_demand|low_ctr_visible_page|model_decline_risk|visible_model_opportunity|ctr_review_candidate,1,12924,2,5,7.4,0.02,144,104,0.0,down,LOW,keyword article,informational,91-180,91-180,unknown,good,page_1
150,content_9367f8967d3b,client_3fdba35f04,77.22067777588242,random_forest,0.7986082724275775,0.6711149014863944,high,refresh_and_review_ctr,declining_with_demand|low_ctr_visible_page|low_engagement_visible_page|model_decline_risk|visible_model_opportunity|ctr_review_candidate|engagement_review_candidate,1,2239,2,99,13.2,0.09,165,104,1674.0,down,LOW,keyword article,informational,91-180,91-180,1000-2000,moderate,striking
151,content_62e323c7fb6c,client_3fdba35f04,77.21566551884112,random_forest,0.7845214313219183,0.7016336238639456,high,refresh_and_review_ctr,declining_with_demand|page_one_decay_risk|low_ctr_visible_page|low_engagement_visible_page|model_decline_risk|visible_model_opportunity|ctr_review_candidate|engagement_review_candidate,1,2493,2,31,7.7,0.08,284,104,1648.0,down,HIGH,keyword article,transactional,181-365,91-180,1000-2000,moderate,page_1
152,content_2143794a59ca,client_19581e27de,77.19672112732262,random_forest,0.6955458787906812,0.8947920195011336,medium,refresh_and_review_ctr,declining_with_demand|low_ctr_visible_page|model_decline_risk|visible_model_opportunity|ctr_review_candidate,1,26413,8,9,5.5,0.03,148,104,0.0,down,LOW,keyword article,transactional,91-180,91-180,unknown,good,page_1
153,content_4718250efb96,client_7f2253d7e2,77.18726140568731,random_forest,0.8392551109339863,0.5815653299331066,high,refresh,declining_with_demand|model_decline_risk|visible_model_opportunity,1,21332,14,19,30.0,0.07,132,20,4100.0,down,LOW,keyword article,informational,91-180,0-30,3500+,good,page_3_5
154,content_0af26e3d8aa4,client_3fdba35f04,77.18335896870487,random_forest,0.8046194458905116,0.6568644363180272,high,refresh_and_review_ctr,declining_with_demand|page_one_decay_risk|low_ctr_visible_page|model_decline_risk|visible_model_opportunity|ctr_review_candidate,1,1519,2,19,6.0,0.13,223,104,1438.0,down,HIGH,keyword article,transactional,181-365,91-180,1000-2000,moderate,page_1
155,content_69d4df8e4364,client_3fdba35f04,77.15639480966587,random_forest,0.8231876803239961,0.6155925937499999,high,refresh,declining_with_demand|model_decline_risk|visible_model_opportunity,1,2836,1,14,35.7,0.04,165,104,1287.0,down,MEDIUM,keyword article,informational,91-180,91-180,1000-2000,moderate,page_3_5
156,content_25356349cdf1,client_3fdba35f04,77.119967427093,random_forest,0.8184726376740526,0.6247266098021542,medium,refresh_and_review_ctr,declining_with_demand|low_ctr_visible_page|model_decline_risk|visible_model_opportunity|ctr_review_candidate,1,1608,1,7,18.3,0.06,124,104,1354.0,down,LOW,keyword article,commercial,91-180,91-180,1000-2000,moderate,striking
157,content_99267472fd35,client_19581e27de,77.1090123837034,random_forest,0.7182033983605767,0.8427259760714286,high,refresh_and_review_ctr,declining_with_demand|low_ctr_visible_page|model_decline_risk|visible_model_opportunity|ctr_review_candidate,1,18330,10,25,6.3,0.05,139,104,3740.0,down,LOW,keyword article,commercial,91-180,91-180,3500+,good,page_1
158,content_2f98c1f72872,client_3fdba35f04,77.10567661548143,random_forest,0.8118378993695445,0.6387294552239228,high,refresh_and_review_engagement,declining_with_demand|low_engagement_visible_page|model_decline_risk|visible_model_opportunity|engagement_review_candidate,1,2110,2,37,21.6,0.09,333,104,1419.0,down,HIGH,keyword article,informational,181-365,91-180,1000-2000,moderate,page_3_5
159,content_cac9eaac0184,client_7f2253d7e2,77.09247583980536,random_forest,0.767055192293933,0.7358348887738095,high,refresh,declining_with_demand|model_decline_risk|visible_model_opportunity,1,6974,8,11,30.8,0.11,106,106,2628.0,down,LOW,keyword article,informational,91-180,91-180,2000-3500,good,page_3_5
160,content_c9eeaab4031e,client_19581e27de,77.09188459094123,random_forest,0.6916049530111966,0.900112314909297,high,refresh_and_review_ctr,declining_with_demand|low_ctr_visible_page|model_decline_risk|visible_model_opportunity|ctr_review_candidate,1,34100,7,18,6.2,0.02,153,104,0.0,down,LOW,keyword article,commercial,91-180,91-180,unknown,excellent,page_1
161,content_3585f0ab30e6,client_7f2253d7e2,77.09026486526918,random_forest,0.8181734921705703,0.6244540324535148,high,refresh_and_review_ctr,declining_with_demand|low_ctr_visible_page|low_engagement_visible_page|model_decline_risk|visible_model_opportunity|ctr_review_candidate|engagement_review_candidate,1,17237,67,67,18.8,0.39,141,20,4977.0,down,LOW,keyword article,transactional,91-180,0-30,3500+,good,striking
162,content_db35f1132b24,client_3fdba35f04,77.07633320246052,random_forest,0.8137390277992,0.6336768684523809,high,refresh_and_review_ctr,declining_with_demand|low_ctr_visible_page|model_decline_risk|visible_model_opportunity|ctr_review_candidate,1,1354,2,27,9.4,0.15,131,104,1698.0,down,MEDIUM,keyword article,commercial,91-180,91-180,1000-2000,moderate,page_1
163,content_14b6d37d9577,client_7f2253d7e2,77.07049986325298,random_forest,0.8461977826320115,0.5628152108035714,high,refresh,declining_with_demand|model_decline_risk|visible_model_opportunity,1,22080,25,26,33.9,0.11,132,20,4471.0,down,LOW,keyword article,informational,91-180,0-30,3500+,good,page_3_5
164,content_cbbf16037e5e,client_3fdba35f04,77.06737317679747,random_forest,0.8242779195226843,0.610449297755102,high,refresh,declining_with_demand|model_decline_risk|visible_model_opportunity,1,3184,2,19,39.4,0.06,124,104,1336.0,down,LOW,keyword article,informational,91-180,91-180,1000-2000,good,page_3_5
165,content_7ca27ed09667,client_19581e27de,77.05711202688362,random_forest,0.7429001833654487,0.7873332695861679,medium,refresh_and_review_ctr,declining_with_demand|low_ctr_visible_page|model_decline_risk|visible_model_opportunity|ctr_review_candidate,1,4798,1,7,4.4,0.02,144,104,0.0,down,LOW,keyword article,informational,91-180,91-180,unknown,good,page_1
166,content_aa793f09535f,client_3fdba35f04,77.05440817567127,random_forest,0.7874503453795679,0.6902394556136622,high,refresh_and_review_ctr,declining_with_demand|low_ctr_visible_page|low_engagement_visible_page|model_decline_risk|visible_model_opportunity|ctr_review_candidate|engagement_review_candidate,1,2346,5,32,9.6,0.21,165,104,1425.0,down,LOW,keyword article,informational,91-180,91-180,1000-2000,moderate,page_1
167,content_d4c50bd49b5d,client_3fdba35f04,77.0531419117676,random_forest,0.8476308808949367,0.5591546179450113,high,refresh_and_review_ctr,declining_with_demand|low_ctr_visible_page|model_decline_risk|visible_model_opportunity|ctr_review_candidate,1,625,0,17,8.1,0.0,165,104,1583.0,down,MEDIUM,keyword article,commercial,91-180,91-180,1000-2000,moderate,page_1
168,content_3d6dedf98bfc,client_7f2253d7e2,77.05058620400403,random_forest,0.8320368731413831,0.593031671665533,high,refresh_and_review_engagement,declining_with_demand|low_engagement_visible_page|model_decline_risk|visible_model_opportunity|engagement_review_candidate,1,19331,52,54,27.4,0.27,141,20,3599.0,down,LOW,keyword article,transactional,91-180,0-30,3500+,good,page_3_5
169,content_00d3b68b4fa7,client_7f2253d7e2,77.04466057415176,random_forest,0.8322203365732236,0.5924478402431973,medium,refresh,declining_with_demand|model_decline_risk|visible_model_opportunity,1,10665,8,8,21.4,0.08,141,20,3776.0,down,LOW,keyword article,informational,91-180,0-30,3500+,good,page_3_5
170,content_d75823fc91dc,client_7f2253d7e2,77.03777424283147,random_forest,0.8307401374773623,0.5954568132057824,high,refresh_and_review_engagement,declining_with_demand|low_engagement_visible_page|model_decline_risk|visible_model_opportunity|engagement_review_candidate,1,37675,91,107,30.5,0.24,141,20,3847.0,down,LOW,keyword article,informational,91-180,0-30,3500+,excellent,page_3_5
171,content_ae62a4fba956,client_7f2253d7e2,77.03637444620277,random_forest,0.7207287253313227,0.8349673798843538,high,refresh_and_review_ctr,declining_with_demand|low_ctr_visible_page|model_decline_risk|visible_model_opportunity|ctr_review_candidate,1,8012,19,17,8.1,0.24,106,106,3094.0,down,LOW,keyword article,informational,91-180,91-180,2000-3500,good,page_1
172,content_9f91f0a66d76,client_7f2253d7e2,77.02840886159224,random_forest,0.8145988955360854,0.6303136573129252,high,refresh_and_review_ctr,declining_with_demand|low_ctr_visible_page|low_engagement_visible_page|model_decline_risk|visible_model_opportunity|ctr_review_candidate|engagement_review_candidate,1,13513,29,38,16.0,0.21,225,20,3777.0,down,LOW,keyword article,informational,181-365,0-30,3500+,good,striking
173,content_7fbf1c286903,client_7f2253d7e2,77.01610321899236,random_forest,0.7971057083798493,0.6680229497346939,high,refresh_and_review_ctr,declining_with_demand|low_ctr_visible_page|low_engagement_visible_page|model_decline_risk|visible_model_opportunity|ctr_review_candidate|engagement_review_candidate,1,18522,53,62,10.7,0.29,230,20,4220.0,down,LOW,keyword article,commercial,181-365,0-30,3500+,good,striking
174,content_5e9035cd276f,client_6208ef0f77,77.01505152304735,random_forest,0.7409496355791166,0.7902722575680272,high,refresh_and_review_ctr,declining_with_demand|low_ctr_visible_page|low_engagement_visible_page|model_decline_risk|visible_model_opportunity|ctr_review_candidate|engagement_review_candidate,1,9253,4,60,8.1,0.04,153,104,5765.0,down,LOW,keyword article,informational,91-180,91-180,3500+,good,page_1
175,content_1e72ec381b2c,client_7f2253d7e2,77.01304326080965,random_forest,0.8384400162538634,0.577920705047619,high,refresh_and_review_engagement,declining_with_demand|low_engagement_visible_page|model_decline_risk|visible_model_opportunity|engagement_review_candidate,1,14622,42,47,27.6,0.29,141,20,4229.0,down,LOW,keyword article,informational,91-180,0-30,3500+,good,page_3_5
176,content_740be374d84e,client_3fdba35f04,76.99664522863117,random_forest,0.8174229128756866,0.6231761567261904,medium,refresh_and_review_ctr,declining_with_demand|low_ctr_visible_page|model_decline_risk|visible_model_opportunity|ctr_review_candidate,1,1148,1,4,8.0,0.09,131,104,1397.0,down,HIGH,keyword article,informational,91-180,91-180,1000-2000,moderate,page_1
177,content_ccf887ee3581,client_4e07408562,76.98928192386127,random_forest,0.767817397951987,0.7309650314433107,medium,refresh_and_review_ctr,declining_with_demand|page_one_decay_risk|low_ctr_visible_page|model_decline_risk|visible_model_opportunity|ctr_review_candidate,1,2993,1,3,5.5,0.03,326,104,1377.0,down,LOW,keyword article,informational,181-365,91-180,1000-2000,moderate,page_1
178,content_e0397aea7268,client_3fdba35f04,76.98320558310881,random_forest,0.7990486284199021,0.662768796427721,medium,refresh_and_review_ctr,declining_with_demand|page_one_decay_risk|low_ctr_visible_page|model_decline_risk|visible_model_opportunity|ctr_review_candidate,1,1518,2,8,4.4,0.13,310,104,1309.0,down,MEDIUM,keyword article,transactional,181-365,91-180,1000-2000,moderate,page_1
179,content_f28e5f6e9ee0,client_7f2253d7e2,76.98105810008204,random_forest,0.8219404283494824,0.6128542121411565,high,refresh,declining_with_demand|model_decline_risk|visible_model_opportunity,1,17222,21,28,22.4,0.12,132,20,3516.0,down,LOW,keyword article,informational,91-180,0-30,3500+,good,page_3_5
180,content_87f1ffe0bedb,client_19581e27de,76.98059264277558,random_forest,0.7254137964002533,0.8230302127658731,high,refresh_and_review_ctr,declining_with_demand|low_ctr_visible_page|model_decline_risk|visible_model_opportunity|ctr_review_candidate,1,8225,19,13,1.7,0.23,126,104,2953.0,down,LOW,keyword article,commercial,91-180,91-180,2000-3500,good,top_3
181,content_cddd5aa6c5be,client_7f2253d7e2,76.97142162408471,random_forest,0.8106686556813684,0.6370991651587301,high,refresh_and_review_engagement,declining_with_demand|low_engagement_visible_page|model_decline_risk|visible_model_opportunity|engagement_review_candidate,1,12732,120,111,13.6,0.94,147,20,3991.0,down,LOW,keyword article,informational,91-180,0-30,3500+,good,striking
182,content_20e4b9f7f65e,client_7f2253d7e2,76.96759096310863,random_forest,0.8133701637912548,0.6310973635714286,high,refresh_and_review_engagement,declining_with_demand|low_engagement_visible_page|model_decline_risk|visible_model_opportunity|engagement_review_candidate,1,12992,117,107,15.2,0.9,147,20,3899.0,down,LOW,keyword article,informational,91-180,0-30,3500+,good,striking
183,content_2d35636c9425,client_3fdba35f04,76.96097590714925,random_forest,0.8357233033005638,0.5822167573129252,high,refresh_and_review_ctr,declining_with_demand|low_ctr_visible_page|model_decline_risk|visible_model_opportunity|ctr_review_candidate,1,889,0,22,13.3,0.0,148,104,1498.0,down,LOW,keyword article,informational,91-180,91-180,1000-2000,moderate,striking
184,content_c0d52d9e1154,client_7f2253d7e2,76.95991849218255,random_forest,0.8046470970018078,0.649853506489796,high,refresh_and_review_ctr,declining_with_demand|low_ctr_visible_page|low_engagement_visible_page|model_decline_risk|visible_model_opportunity|ctr_review_candidate|engagement_review_candidate,1,13585,38,40,11.0,0.28,224,20,5087.0,down,LOW,keyword article,informational,181-365,0-30,3500+,good,striking
185,content_a6d9cfdbd0e7,client_7f2253d7e2,76.94528629052554,random_forest,0.7841675444101851,0.6939933514285714,high,refresh_and_review_ctr,declining_with_demand|low_ctr_visible_page|low_engagement_visible_page|model_decline_risk|visible_model_opportunity|ctr_review_candidate|engagement_review_candidate,1,34991,161,161,10.1,0.46,224,20,4015.0,down,LOW,keyword article,informational,181-365,0-30,3500+,excellent,striking
186,content_412512ea6fc3,client_3fdba35f04,76.93553642846712,random_forest,0.8373328925739605,0.57792045075,high,refresh_and_review_ctr,declining_with_demand|low_ctr_visible_page|low_engagement_visible_page|model_decline_risk|visible_model_opportunity|ctr_review_candidate|engagement_review_candidate,1,766,0,62,9.3,0.0,155,104,1408.0,down,LOW,keyword article,informational,91-180,91-180,1000-2000,moderate,page_1
187,content_1f9861d4a7a5,client_3fdba35f04,76.93178575136025,random_forest,0.8025751883339574,0.6534900231125284,high,refresh_and_review_ctr,declining_with_demand|low_ctr_visible_page|model_decline_risk|visible_model_opportunity|ctr_review_candidate,1,1400,3,29,4.3,0.21,139,104,1541.0,down,LOW,keyword article,informational,91-180,91-180,1000-2000,moderate,page_1
188,content_f3abf132d293,client_3fdba35f04,76.92251079800734,random_forest,0.8210605888392929,0.6129488250680273,high,refresh_and_review_ctr,declining_with_demand|low_ctr_visible_page|model_decline_risk|visible_model_opportunity|ctr_review_candidate,1,1065,1,24,8.3,0.09,139,104,1563.0,down,HIGH,keyword article,commercial,91-180,91-180,1000-2000,moderate,page_1
189,content_dd43e31efec7,client_7f2253d7e2,76.90781095361865,random_forest,0.8142709595937175,0.6272762274461451,high,refresh_and_review_ctr,declining_with_demand|low_ctr_visible_page|low_engagement_visible_page|model_decline_risk|visible_model_opportunity|ctr_review_candidate|engagement_review_candidate,1,14663,38,30,16.8,0.26,132,20,4733.0,down,LOW,keyword article,informational,91-180,0-30,3500+,good,striking
190,content_454e62c347a0,client_7f2253d7e2,76.89912761451804,random_forest,0.7664872363444643,0.731057017,high,refresh_and_review_ctr,declining_with_demand|page_one_decay_risk|low_ctr_visible_page|low_engagement_visible_page|model_decline_risk|visible_model_opportunity|ctr_review_candidate|engagement_review_candidate,1,40294,49,47,3.3,0.12,224,20,4061.0,down,LOW,keyword article,informational,181-365,0-30,3500+,excellent,page_1
191,content_24e64303de4d,client_3fdba35f04,76.8677055992714,random_forest,0.8009126660307035,0.6551168439203514,high,refresh_and_review_ctr,declining_with_demand|low_ctr_visible_page|low_engagement_visible_page|model_decline_risk|visible_model_opportunity|ctr_review_candidate|engagement_review_candidate,1,2184,6,159,17.3,0.27,139,104,1564.0,down,HIGH,keyword article,transactional,91-180,91-180,1000-2000,moderate,striking
192,content_348dd92755fa,client_19581e27de,76.86018891883518,random_forest,0.7378740546896486,0.7921520352397959,high,refresh_and_review_ctr,declining_with_demand|low_ctr_visible_page|model_decline_risk|visible_model_opportunity|ctr_review_candidate,1,7321,6,16,4.7,0.08,139,104,4152.0,down,LOW,keyword article,informational,91-180,91-180,3500+,good,page_1
193,content_747870c01e28,client_19581e27de,76.84516486033293,random_forest,0.7615605515671479,0.7401064069693877,high,refresh_and_review_ctr,declining_with_demand|low_ctr_visible_page|model_decline_risk|visible_model_opportunity|ctr_review_candidate,1,3585,0,10,3.2,0.0,139,104,3365.0,down,LOW,keyword article,informational,91-180,91-180,2000-3500,good,page_1
194,content_b3309ef1d4aa,client_3fdba35f04,76.82065076104637,random_forest,0.7570244299330544,0.7492214103764171,high,refresh_and_review_ctr,declining_with_demand|low_ctr_visible_page|model_decline_risk|visible_model_opportunity|ctr_review_candidate,1,3840,19,28,6.7,0.49,139,104,1378.0,down,MEDIUM,keyword article,commercial,91-180,91-180,1000-2000,good,page_1
195,content_987a0c9b0910,client_6208ef0f77,76.80642692792058,random_forest,0.7686882380765997,0.7233805456785714,high,refresh_and_review_engagement,declining_with_demand|low_engagement_visible_page|model_decline_risk|visible_model_opportunity|engagement_review_candidate,1,13756,6,130,27.6,0.04,148,104,6137.0,down,LOW,keyword article,commercial,91-180,91-180,3500+,good,page_3_5
196,content_56c54a03ece2,client_19581e27de,76.78653599606578,random_forest,0.7871929876383001,0.682466975680272,medium,refresh_and_review_ctr,declining_with_demand|low_ctr_visible_page|model_decline_risk|visible_model_opportunity|ctr_review_candidate,1,1638,0,6,2.7,0.0,144,104,0.0,down,LOW,keyword article,informational,91-180,91-180,unknown,moderate,top_3
197,content_1bfaa38ff26c,client_7f2253d7e2,76.78095004633602,random_forest,0.7219932214349184,0.8242682260068027,high,refresh_and_review_engagement,stale_visible_page|declining_with_demand|low_engagement_visible_page|model_decline_risk|visible_model_opportunity|engagement_review_candidate,1,25715,60,80,22.2,0.23,231,194,3861.0,down,LOW,keyword article,informational,181-365,181+,3500+,good,page_3_5
198,content_55f2721bcdc2,client_3fdba35f04,76.7801516460685,random_forest,0.82632471279073,0.5970575260136054,high,refresh,declining_with_demand|model_decline_risk|visible_model_opportunity,1,2294,0,30,35.9,0.0,284,104,1380.0,down,HIGH,keyword article,transactional,181-365,91-180,1000-2000,moderate,page_3_5
199,content_af41d1db999a,client_3fdba35f04,76.7722861025206,random_forest,0.7945201480969577,0.6660685186122449,high,refresh_and_review_ctr,declining_with_demand|page_one_decay_risk|low_ctr_visible_page|model_decline_risk|visible_model_opportunity|ctr_review_candidate,1,1497,3,13,2.9,0.2,284,104,1334.0,down,LOW,keyword article,informational,181-365,91-180,1000-2000,moderate,top_3
200,content_65a9f75083de,client_3fdba35f04,76.76217492229544,random_forest,0.7688525630067211,0.7216461438310657,high,refresh_and_review_ctr,declining_with_demand|low_ctr_visible_page|low_engagement_visible_page|model_decline_risk|visible_model_opportunity|ctr_review_candidate|engagement_review_candidate,1,3120,9,73,8.9,0.29,165,104,1430.0,down,HIGH,keyword article,informational,91-180,91-180,1000-2000,good,page_1
